"Gene.Names","Entry","phytoID","phytoAnnotation","Protein.names","Gene.Ontology.IDs","Gene.Ontology..biological.process.","Gene.Ontology..cellular.component.","Gene.Ontology..GO.","Gene.Ontology..molecular.function.","WT 32C vs WT 20C (mean)","WT 32C vs WT 20C (lfc)","WT 32C vs WT 20C (padj)","TS 32C vs TS 20C (mean)","TS 32C vs TS 20C (lfc)","TS 32C vs TS 20C (padj)","TS 20C vs WT 20C (mean)","TS 20C vs WT 20C (lfc)","TS 20C vs WT 20C (padj)","TS 32C vs WT 32C (mean)","TS 32C vs WT 32C (lfc)","TS 32C vs WT 32C (padj)"
"PHYPA_000402","A0A2K1L7G6","Pp3c1_8740","(1 of 3) KOG1319 - bHLHZip transcription factor BIGMAX","BHLH domain-containing protein","GO:0003700; GO:0005634; GO:0006355; GO:0043565; GO:0046983","regulation of DNA-templated transcription [GO:0006355]","nucleus [GO:0005634]","nucleus [GO:0005634]; DNA-binding transcription factor activity [GO:0003700]; protein dimerization activity [GO:0046983]; sequence-specific DNA binding [GO:0043565]; regulation of DNA-templated transcription [GO:0006355]","DNA-binding transcription factor activity [GO:0003700]; protein dimerization activity [GO:0046983]; sequence-specific DNA binding [GO:0043565]",231.445163211128,-0.17483152645083,0.467840677533853,78.9512216997305,-0.154573057786579,0.643024301610104,194.063683943571,-0.00833292692566905,0.124386543362704,116.09258183203,-1.10419313212154,0.000703688518727482
"PHYPA_000708","A0A2K1L8G0","Pp3c1_15530","(1 of 1) KOG2148 - Exocyst protein Sec3","Exocyst complex component Sec3 PIP2-binding N-terminal domain-containing protein","GO:0000145; GO:0005546; GO:0005886; GO:0006887; GO:0006893","exocytosis [GO:0006887]; Golgi to plasma membrane transport [GO:0006893]","exocyst [GO:0000145]; plasma membrane [GO:0005886]","exocyst [GO:0000145]; plasma membrane [GO:0005886]; phosphatidylinositol-4,5-bisphosphate binding [GO:0005546]; exocytosis [GO:0006887]; Golgi to plasma membrane transport [GO:0006893]","phosphatidylinositol-4,5-bisphosphate binding [GO:0005546]",64.5847608816881,-0.131279348482603,0.666883231936466,20.1616576765642,-0.18205926148989,0.491843360615125,49.5684095284459,-0.00678556586511113,0.413699960414772,34.9545571134187,-1.56178188166209,0.00792441344346576
"PHYPA_000780","A9S299","Pp3c1_18010","(1 of 8) PTHR10992:SF891 - STRIGOLACTONE ESTERASE D14 HOMOLOG-RELATED","AB hydrolase-1 domain-containing protein","","","","","",71.4550612411176,-0.293029795776591,0.323513479752625,35.4233815828078,-0.245652660118516,0.263628193139862,71.1479536182307,-0.000791786492643414,0.999993322508911,35.752683097932,-1.14362646509015,0.0190087790944146
"PHYPA_001053","A0A2K1L9B7","Pp3c1_23170","(1 of 4) PTHR31448:SF3 - IFA-BINDING PROTEIN","GTD-binding domain-containing protein","GO:0016020; GO:0080115","","membrane [GO:0016020]","membrane [GO:0016020]; myosin XI tail binding [GO:0080115]","myosin XI tail binding [GO:0080115]",174.069032009618,0.0508555491674744,0.87324500308486,120.974502659704,-1.11801041551989,0.000420725779357063,172.327134051489,0.000470980042932108,0.999993322508911,122.662354530264,-1.15742379377947,0.000317036405011485
"PHYPA_001297","A9RQ58","Pp3c1_28460","(1 of 36) 1.1.3.9 - Galactose oxidase / Beta-galactose oxidase","Galactose oxidase-like Early set domain-containing protein","","","","","",80.4474600306548,0.176238481197119,0.557516429702766,40.8743377466868,-0.524617324863382,0.143547621100617,63.8338224284495,-0.00778013898581579,0.999993322508911,57.1985363125877,-1.38917653705073,0.00144469344100466
"PHYPA_002897","A0A2K1L249","Pp3c2_18630","(1 of 3) PTHR23257:SF353 - KINASE-LIKE PROTEIN","Protein kinase domain-containing protein","GO:0004674; GO:0005524; GO:0006468","protein phosphorylation [GO:0006468]","","ATP binding [GO:0005524]; protein serine/threonine kinase activity [GO:0004674]; protein phosphorylation [GO:0006468]","ATP binding [GO:0005524]; protein serine/threonine kinase activity [GO:0004674]",608.363789504232,0.0470716885925606,0.848086723477211,147.667787082813,0.0434998675296319,0.908671720554969,374.09507955358,-1.99468756567633,6.77614473108387e-20,377.823510176831,-1.97318171669374,8.67927177510849e-23
"PHYPA_003265","Q9AXI3","Pp3c2_27350","(1 of 17) PF10604 - Polyketide cyclase / dehydrase and lipid transport (Polyketide_cyc2)","Intracellular pathogenesis-related protein-like protein","GO:0004864; GO:0005634; GO:0005737; GO:0006952; GO:0009738; GO:0010427; GO:0038023; GO:0080163","abscisic acid-activated signaling pathway [GO:0009738]; defense response [GO:0006952]; regulation of protein serine/threonine phosphatase activity [GO:0080163]","cytoplasm [GO:0005737]; nucleus [GO:0005634]","cytoplasm [GO:0005737]; nucleus [GO:0005634]; abscisic acid binding [GO:0010427]; protein phosphatase inhibitor activity [GO:0004864]; signaling receptor activity [GO:0038023]; abscisic acid-activated signaling pathway [GO:0009738]; defense response [GO:0006952]; regulation of protein serine/threonine phosphatase activity [GO:0080163]","abscisic acid binding [GO:0010427]; protein phosphatase inhibitor activity [GO:0004864]; signaling receptor activity [GO:0038023]",1760.8239136335,-0.0128476631826056,0.975227938809481,441.579269341789,0.587230525194555,0.111225248374544,1048.07240858432,-0.0188844992945917,5.88192449108222e-06,1141.74670243814,-1.46396718832937,1.05181434528635e-06
"PHYPA_003921","A0A2K1KT23","Pp3c3_2660","(1 of 5) PTHR15598:SF5 - ENHANCER OF MRNA-DECAPPING PROTEIN 4","Enhancer of mRNA-decapping protein 4 WD40 repeat region domain-containing protein","GO:0000932; GO:0031087","deadenylation-independent decapping of nuclear-transcribed mRNA [GO:0031087]","P-body [GO:0000932]","P-body [GO:0000932]; deadenylation-independent decapping of nuclear-transcribed mRNA [GO:0031087]","",72.0871525427624,-0.416712794886864,0.196322605241597,24.4257960502816,-1.46450608166962,0.0137652191926887,65.6071582570085,-0.00640571923989754,0.666431263822009,30.9107773180904,-2.15939662827262,1.41438527438488e-05
"PHYPA_004062","A0A2K1KTH3","Pp3c3_5910","(1 of 7) PTHR14379 - LIMKAIN B  LKAP","HTH OST-type domain-containing protein","GO:0004540; GO:0005777; GO:0010468","regulation of gene expression [GO:0010468]","peroxisome [GO:0005777]","peroxisome [GO:0005777]; RNA nuclease activity [GO:0004540]; regulation of gene expression [GO:0010468]","RNA nuclease activity [GO:0004540]",709.231632096123,-0.227880099209751,0.442269498601259,335.358451549874,-0.379857714014734,0.221961442487556,607.52069876106,-0.0136576226737138,0.214375645287513,435.523779874217,-1.02088270086289,0.00118687300231618
"PHYPA_004096","A0A2K1KTI3","Pp3c3_6860","(1 of 18) PF02519 - Auxin responsive protein (Auxin_inducible)","Uncharacterized protein","GO:0009733","response to auxin [GO:0009733]","","response to auxin [GO:0009733]","",78.4042549497192,-0.0988100411323094,0.768848519382348,44.4620988610019,-1.03097599109336,0.0176100422554454,74.4552554693982,-0.00331661735370922,0.999993322508911,48.4025781857431,-1.34226478252247,0.000345629112204112
"PHYPA_004760","A0A2K1KVJ2","Pp3c3_21530","(1 of 4) PTHR23500:SF8 - MONOSACCHARIDE-SENSING PROTEIN 1","Major facilitator superfamily (MFS) profile domain-containing protein","GO:0016020; GO:0022857; GO:0055085","transmembrane transport [GO:0055085]","membrane [GO:0016020]","membrane [GO:0016020]; transmembrane transporter activity [GO:0022857]; transmembrane transport [GO:0055085]","transmembrane transporter activity [GO:0022857]",1010.99549636805,0.00341686146499363,0.993067396620795,618.457404463865,-1.05356111680748,0.00211574442333346,948.605739165297,-0.00488067641984525,0.999993322508911,679.437330313837,-1.33409751056758,1.91113873265914e-07
"PHYPA_004807","A0A2K1KVK4","Pp3c3_22480","","Uncharacterized protein","GO:0016020","","membrane [GO:0016020]","membrane [GO:0016020]","",1750.36010628205,-0.54503055507284,0.00543145553570953,955.113944929454,-1.22069157710923,5.42194074092468e-07,1755.65756689423,-0.0205698935866852,0.30294153874906,952.252537644138,-1.25189021797623,5.01878304285446e-12
"PHYPA_004936","A0A2K1KVW8",NA,NA,"Galactose oxidase-like Early set domain-containing protein","","","","","",64.2772197597236,-0.169045532562754,0.579454798934021,25.5127934815003,-0.189914862677705,0.558510537616172,50.626303663576,-0.0131433833748381,0.113864735702665,38.974307444757,-1.19990342782255,0.00234970225193206
"PHYPA_005249","A0A2K1KWU0","Pp3c3_32050","(1 of 3) KOG2382 - Predicted alpha/beta hydrolase","AB hydrolase-1 domain-containing protein","GO:0080030; GO:0080032","","","methyl indole-3-acetate esterase activity [GO:0080030]; methyl jasmonate esterase activity [GO:0080032]","methyl indole-3-acetate esterase activity [GO:0080030]; methyl jasmonate esterase activity [GO:0080032]",501.584046813431,-0.81270052214362,0.0137820543426075,436.303072284546,-2.52957157372866,2.70118700872395e-27,717.443291597019,0.00213265212695721,0.999993322508911,225.730711636015,-1.32876406261878,4.8188435832974e-11
"PHYPA_005555","A0A2K1KXV3","Pp3c3_38210","","Uncharacterized protein","","","","","",539.787659596989,0.0817029066330928,0.789483889202348,338.30548328475,-0.897710869084187,5.98820713214978e-06,488.426294847766,-0.005166473393287,0.999993322508911,388.602829017946,-1.21434659339024,6.02200147647883e-12
"PHYPA_005557","A0A2K1KXQ2","Pp3c3_38240","(1 of 2) PTHR13301//PTHR13301:SF66 - X-BOX TRANSCRIPTION FACTOR-RELATED","RING-type domain-containing protein","","","","","",121.254529766152,-0.0935407414944319,0.765946067548093,74.514632130368,-1.04529532549839,0.000588874356041671,116.856792106254,-0.00563560377501209,0.999993322508911,78.9121023640541,-1.19737827505344,3.07604155126071e-05
"PHYPA_005648","A0A2K1KLU8",NA,NA,"Tubulin alpha chain","GO:0000226; GO:0000278; GO:0005200; GO:0005525; GO:0005737; GO:0005874; GO:0016787","microtubule cytoskeleton organization [GO:0000226]; mitotic cell cycle [GO:0000278]","cytoplasm [GO:0005737]; microtubule [GO:0005874]","cytoplasm [GO:0005737]; microtubule [GO:0005874]; GTP binding [GO:0005525]; hydrolase activity [GO:0016787]; structural constituent of cytoskeleton [GO:0005200]; microtubule cytoskeleton organization [GO:0000226]; mitotic cell cycle [GO:0000278]","GTP binding [GO:0005525]; hydrolase activity [GO:0016787]; structural constituent of cytoskeleton [GO:0005200]",943.595033843721,0.241866534186306,0.406815442739521,499.42525691462,-0.203086774895507,0.495098243752946,694.367633789251,-0.00842290441593232,0.999993322508911,743.724067985195,-1.12828752280183,1.64582621565106e-05
"PHYPA_005650","A0A2K1KLU8",NA,NA,"Tubulin alpha chain","GO:0000226; GO:0000278; GO:0005200; GO:0005525; GO:0005737; GO:0005874; GO:0016787","microtubule cytoskeleton organization [GO:0000226]; mitotic cell cycle [GO:0000278]","cytoplasm [GO:0005737]; microtubule [GO:0005874]","cytoplasm [GO:0005737]; microtubule [GO:0005874]; GTP binding [GO:0005525]; hydrolase activity [GO:0016787]; structural constituent of cytoskeleton [GO:0005200]; microtubule cytoskeleton organization [GO:0000226]; mitotic cell cycle [GO:0000278]","GTP binding [GO:0005525]; hydrolase activity [GO:0016787]; structural constituent of cytoskeleton [GO:0005200]",650.447076951159,0.271938543589596,0.343273176675072,348.611373778335,-0.204341689314553,0.464184054004949,476.057864700853,-0.00949289140187121,0.999993322508911,519.540355635972,-1.11851206787301,1.27741411063785e-05
"PHYPA_005821","A0A2K1KMC0","Pp3c4_5790","","C2H2-type domain-containing protein","","","","","",125.401102207616,-1.50057198486884,3.04725395036376e-08,69.5425113297233,-2.32466082666489,3.3459157441114e-07,154.939296596139,-0.0110552897696728,0.776079977436896,41.0883665817624,-1.30958168399224,0.00296826025965559
"PHYPA_005854","A9SZR0","Pp3c4_6620","(1 of 16) 2.7.1.107 - Diacylglycerol kinase (ATP) / Diglyceride kinase","Uncharacterized protein","","","","","",719.234573494798,-1.31806539310367,1.40909735639781e-06,412.856237865941,-3.68278603468276,1.74463969512259e-20,917.567522730647,-0.00474141674947969,0.999993322508911,220.383093171676,-2.724198273092,2.71731524176004e-25
"PHYPA_005995","A0A2K1KMU9","Pp3c4_9940","(1 of 16) PTHR32370:SF6 - ROOT PHOTOTROPISM PROTEIN 3","NPH3 domain-containing protein","GO:0016567","protein ubiquitination [GO:0016567]","","protein ubiquitination [GO:0016567]","",226.743061900624,0.709538659011227,0.00689875641957528,149.000240093514,-0.354203791401968,0.178949425590557,170.386751702094,0.00164974665382299,0.999993322508911,203.817719514648,-1.11116040086398,3.33268821983195e-07
"PHYPA_006604","Q8GS38","Pp3c4_22490","(1 of 6) PF06351 - Allene oxide cyclase (Allene_ox_cyc)","allene-oxide cyclase (EC 5.3.99.6)","GO:0009507; GO:0009695; GO:0046423","jasmonic acid biosynthetic process [GO:0009695]","chloroplast [GO:0009507]","chloroplast [GO:0009507]; allene-oxide cyclase activity [GO:0046423]; jasmonic acid biosynthetic process [GO:0009695]","allene-oxide cyclase activity [GO:0046423]",745.557102803936,-0.25373706639843,0.347951436062394,234.633463178702,-0.104036197651113,0.757998634338331,553.636532212788,-1.426381205389,0.0110736182505787,423.723132903543,-1.13429000153865,0.0361830108332719
"PHYPA_007850","A0A2K1KK85","Pp3c5_18360","","Uncharacterized protein","","","","","",96.9518098327707,0.119574072661225,0.71419245987626,27.2879370325712,-0.558551532319486,0.131851659757278,64.7117712046079,-0.00745725300880987,0.536338102530548,58.9097197078894,-2.55800371625633,4.49858663833776e-11
"PHYPA_007882","A0A2K1KKB0","Pp3c5_19400","","Uncharacterized protein","","","","","",73.6572780417469,0.00940230538031963,0.981573680575284,17.8904517129095,-1.88752529457847,0.00184871058633532,52.0150999208159,-1.05330313639855,0.0357779044380284,39.1996663509433,-3.41220630879761,1.00172011607915e-12
"PHYPA_008032","A0A2K1KKQ7","Pp3c5_22500","","Uncharacterized protein","GO:0016020","","membrane [GO:0016020]","membrane [GO:0016020]","",106.093563995997,-0.559590562722547,0.114616067378266,15.3821562917933,-0.284647291014514,0.249106034457459,82.9790356244423,-0.00769575946471143,0.0128206631602494,38.3798502868751,-2.85915275682935,1.52540589120834e-09
"PHYPA_008103","A0A2K1KKX4","Pp3c5_24370","(1 of 7) PTHR33143:SF6 - F16F4.1 PROTEIN-RELATED","VQ domain-containing protein","GO:0005634","","nucleus [GO:0005634]","nucleus [GO:0005634]","",299.93055387102,-0.00237241618505607,0.993684763243556,153.734920529056,-0.2167777014674,0.434925888160775,237.261784694527,-0.605229879200765,0.0876992552214675,215.184770099888,-1.02819255895906,1.75502728189363e-07
"PHYPA_008329","A0A2K1KDV3","Pp3c6_520","(1 of 35) 2.4.1.207 - Xyloglucan:xyloglucosyl transferase / Xyloglucan endotransglycosylase","Xyloglucan endotransglucosylase/hydrolase (EC 2.4.1.207)","GO:0004553; GO:0010411; GO:0016762; GO:0042546; GO:0048046; GO:0071555","cell wall biogenesis [GO:0042546]; cell wall organization [GO:0071555]; xyloglucan metabolic process [GO:0010411]","apoplast [GO:0048046]","apoplast [GO:0048046]; hydrolase activity, hydrolyzing O-glycosyl compounds [GO:0004553]; xyloglucan:xyloglucosyl transferase activity [GO:0016762]; cell wall biogenesis [GO:0042546]; cell wall organization [GO:0071555]; xyloglucan metabolic process [GO:0010411]","hydrolase activity, hydrolyzing O-glycosyl compounds [GO:0004553]; xyloglucan:xyloglucosyl transferase activity [GO:0016762]",192.529997037864,0.432413501512312,0.1786825320645,84.0465567776041,0.0608180228305322,0.856333443852149,112.065023083627,-0.0037425459467692,0.999993322508911,162.677042034694,-1.14563164334857,0.00653727883360117
"PHYPA_008452","A0A2K1KE78","Pp3c6_3530","(1 of 28) PF02298 - Plastocyanin-like domain (Cu_bind_like)","Phytocyanin domain-containing protein","GO:0009055","","","electron transfer activity [GO:0009055]","electron transfer activity [GO:0009055]",549.331318741059,-0.892898163843178,1.33676327754682e-05,271.708003727953,-1.88734523019913,1.52101831871292e-05,588.070445327335,-0.0082695934219986,0.916408106551627,234.782177711312,-1.73258931519711,1.9455208748762e-11
"PHYPA_009455","A0A2K1KH24","Pp3c6_25090","","Plastid lipid-associated protein/fibrillin conserved domain-containing protein","","","","","",56.2014019824013,0.0801095213794284,0.816086423746757,17.456822830185,-0.195731450160975,0.494351935775412,37.7877235017614,-0.00815800833052584,0.413699960414772,35.5630306909624,-1.93551117728025,0.000105331002795508
"PHYPA_009459","A0A2K1KH26","Pp3c6_25220","(1 of 5) 1.1.3.8 - L-gulonolactone oxidase / L-gulono-gamma-lactone oxidase","FAD-binding PCMH-type domain-containing protein","GO:0016020; GO:0016491; GO:0016899; GO:0071949","","membrane [GO:0016020]","membrane [GO:0016020]; FAD binding [GO:0071949]; oxidoreductase activity [GO:0016491]; oxidoreductase activity, acting on the CH-OH group of donors, oxygen as acceptor [GO:0016899]","FAD binding [GO:0071949]; oxidoreductase activity [GO:0016491]; oxidoreductase activity, acting on the CH-OH group of donors, oxygen as acceptor [GO:0016899]",219.876877146701,0.364686579512914,0.238295768667244,88.377313007465,0.117025878702027,0.737623335151761,127.889445769248,-0.0116905540684019,0.241216952234758,178.364304737871,-1.21224022492971,0.00416755216573803
"PHYPA_009462","A0A2K1KH35","Pp3c6_25270","(1 of 5) 1.1.3.8 - L-gulonolactone oxidase / L-gulono-gamma-lactone oxidase","FAD-binding PCMH-type domain-containing protein","GO:0016491; GO:0016899; GO:0071949","","","FAD binding [GO:0071949]; oxidoreductase activity [GO:0016491]; oxidoreductase activity, acting on the CH-OH group of donors, oxygen as acceptor [GO:0016899]","FAD binding [GO:0071949]; oxidoreductase activity [GO:0016491]; oxidoreductase activity, acting on the CH-OH group of donors, oxygen as acceptor [GO:0016899]",7451.47074844201,0.582046080124046,0.0457628776695504,2634.02866222519,0.555524146971923,0.124326372368087,3547.2931793929,-0.0140266760471067,0.00437715414272082,6451.74946565262,-1.13311398166432,0.000303981364697787
"PHYPA_010185","A0A2K1KB51","Pp3c7_9800","(1 of 3) PTHR10161 - TARTRATE-RESISTANT ACID PHOSPHATASE TYPE 5","Purple acid phosphatase (EC 3.1.3.2)","GO:0003993; GO:0008198; GO:0008199; GO:0016020","","membrane [GO:0016020]","membrane [GO:0016020]; acid phosphatase activity [GO:0003993]; ferric iron binding [GO:0008199]; ferrous iron binding [GO:0008198]","acid phosphatase activity [GO:0003993]; ferric iron binding [GO:0008199]; ferrous iron binding [GO:0008198]",565.244062535262,0.0606977535416543,0.820695940485755,279.131210748015,-0.092199282191984,0.760740216365166,425.548302087906,-0.787905033152399,0.00483291802849156,416.075879858021,-1.04306789227384,1.00854417861835e-09
"PHYPA_012025","A9TFP6","Pp3c8_24760","(1 of 7) PTHR11034 - N-MYC DOWNSTREAM REGULATED","Uncharacterized protein","","","","","",321.182076828708,0.215886561646234,0.277120177854936,150.154705063185,-0.482068924274234,0.0561327330969644,239.511054982688,-0.0273025836435059,0.112272328086605,230.246185740688,-1.47054406683412,8.86416466407776e-16
"PHYPA_012120","A0A2K1K1K5","Pp3c9_1490","(1 of 7) PTHR11817:SF5 - PYRUVATE KINASE-RELATED","Pyruvate kinase (EC 2.7.1.40)","GO:0000287; GO:0004743; GO:0005524; GO:0005737; GO:0006096; GO:0016301; GO:0016310; GO:0030955","glycolytic process [GO:0006096]; phosphorylation [GO:0016310]","cytoplasm [GO:0005737]","cytoplasm [GO:0005737]; ATP binding [GO:0005524]; kinase activity [GO:0016301]; magnesium ion binding [GO:0000287]; potassium ion binding [GO:0030955]; pyruvate kinase activity [GO:0004743]; glycolytic process [GO:0006096]; phosphorylation [GO:0016310]","ATP binding [GO:0005524]; kinase activity [GO:0016301]; magnesium ion binding [GO:0000287]; potassium ion binding [GO:0030955]; pyruvate kinase activity [GO:0004743]",117.671745870328,-0.743871690783012,0.00451491522413878,17.0238843756074,-0.611082846644342,0.117725650067866,88.4058300969689,-2.58043481881134,1.08213588004112e-11,46.1081049393463,-2.89201777312279,4.5964564996093e-12
"PHYPA_013027","A0A2K1K439",NA,NA,"Uncharacterized protein","","","","","",228.73623014291,-0.346825551337782,0.184088168899215,103.493510242187,-0.835921504847915,0.0662772301593879,210.857936805084,-0.0048065513723849,0.999993322508911,121.477072606899,-1.6257494318221,1.16016996670879e-05
"PHYPA_013887","A0A2K1JZ20","Pp3c10_14590","(1 of 7) PTHR13018:SF47 - ERD (EARLY-RESPONSIVE TO DEHYDRATION STRESS) FAMILY PROTEIN-RELATED","ERD4-related membrane protein","GO:0005227; GO:0005886","","plasma membrane [GO:0005886]","plasma membrane [GO:0005886]; calcium activated cation channel activity [GO:0005227]","calcium activated cation channel activity [GO:0005227]",341.275092227576,1.47179273992309,2.01406666493761e-11,130.276082113442,0.352565493808207,0.243489003901221,143.178035143265,-0.0205864584847001,0.2206554884625,323.553425110113,-1.61729748588751,2.04103327273657e-09
"PHYPA_014678","A9U4N3","Pp3c11_6620","(1 of 7) PTHR19375:SF232 - MEDIATOR OF RNA POLYMERASE II TRANSCRIPTION SUBUNIT 37E-RELATED","Predicted protein","GO:0005524; GO:0005737; GO:0016887; GO:0031072; GO:0042026; GO:0044183; GO:0051085; GO:0140662","chaperone cofactor-dependent protein refolding [GO:0051085]; protein refolding [GO:0042026]","cytoplasm [GO:0005737]","cytoplasm [GO:0005737]; ATP binding [GO:0005524]; ATP hydrolysis activity [GO:0016887]; ATP-dependent protein folding chaperone [GO:0140662]; heat shock protein binding [GO:0031072]; protein folding chaperone [GO:0044183]; chaperone cofactor-dependent protein refolding [GO:0051085]; protein refolding [GO:0042026]","ATP binding [GO:0005524]; ATP hydrolysis activity [GO:0016887]; ATP-dependent protein folding chaperone [GO:0140662]; heat shock protein binding [GO:0031072]; protein folding chaperone [GO:0044183]",3321.94543262359,0.215396726762364,0.375224620242224,2062.53261568834,-0.955718195513471,0.000549918280049556,2944.02060946469,-0.00185923972038579,0.999993322508911,2432.12131032413,-1.35480546521383,7.34277809913672e-11
"PHYPA_014856","A9SAY5","Pp3c11_10380","(1 of 7) PTHR24056:SF178 - CYCLIN-DEPENDENT KINASE B2-1-RELATED","Protein kinase domain-containing protein","GO:0000082; GO:0000307; GO:0004693; GO:0005524; GO:0005634; GO:0005737; GO:0006468; GO:0007165; GO:0010033; GO:0010389; GO:0010468; GO:0030332","G1/S transition of mitotic cell cycle [GO:0000082]; protein phosphorylation [GO:0006468]; regulation of G2/M transition of mitotic cell cycle [GO:0010389]; regulation of gene expression [GO:0010468]; response to organic substance [GO:0010033]; signal transduction [GO:0007165]","cyclin-dependent protein kinase holoenzyme complex [GO:0000307]; cytoplasm [GO:0005737]; nucleus [GO:0005634]","cyclin-dependent protein kinase holoenzyme complex [GO:0000307]; cytoplasm [GO:0005737]; nucleus [GO:0005634]; ATP binding [GO:0005524]; cyclin binding [GO:0030332]; cyclin-dependent protein serine/threonine kinase activity [GO:0004693]; G1/S transition of mitotic cell cycle [GO:0000082]; protein phosphorylation [GO:0006468]; regulation of G2/M transition of mitotic cell cycle [GO:0010389]; regulation of gene expression [GO:0010468]; response to organic substance [GO:0010033]; signal transduction [GO:0007165]","ATP binding [GO:0005524]; cyclin binding [GO:0030332]; cyclin-dependent protein serine/threonine kinase activity [GO:0004693]",76.2458980186837,0.570389963770144,0.0519431962418299,35.1484680167635,0.0708602932983479,0.853280985770921,45.7954450904413,-0.00833530473283034,0.877203810349843,64.922296886162,-1.21898614397722,8.05936509625355e-05
"PHYPA_014894","A0A2K1JUB4","Pp3c11_11230","(1 of 34) PF03195 - Protein of unknown function DUF260 (DUF260)","LOB domain-containing protein","GO:0005634; GO:0009755; GO:0045893","hormone-mediated signaling pathway [GO:0009755]; positive regulation of DNA-templated transcription [GO:0045893]","nucleus [GO:0005634]","nucleus [GO:0005634]; hormone-mediated signaling pathway [GO:0009755]; positive regulation of DNA-templated transcription [GO:0045893]","",215.359910103743,0.0577546133702128,0.836226249842218,62.9329670682645,0.140482767173997,0.681555258401841,134.909984697022,-1.7742406179327,6.68775910292789e-09,141.912903188532,-1.59162136328969,2.45690811659856e-10
"PHYPA_016208","A0A2K1JQK5","Pp3c12_13020","(1 of 34) PF03195 - Protein of unknown function DUF260 (DUF260)","LOB domain-containing protein","GO:0005634; GO:0009755; GO:0045893","hormone-mediated signaling pathway [GO:0009755]; positive regulation of DNA-templated transcription [GO:0045893]","nucleus [GO:0005634]","nucleus [GO:0005634]; hormone-mediated signaling pathway [GO:0009755]; positive regulation of DNA-templated transcription [GO:0045893]","",162.852007114645,-0.290432748202135,0.315923540152642,84.9013251824866,-0.613153507363463,0.0998485326014882,152.090135073816,-0.00605515175090221,0.999993322508911,95.5301346395922,-1.11484465092371,0.000151813050291047
"PHYPA_016313","A0A2K1JQW8","Pp3c12_15000","(1 of 36) 1.1.3.9 - Galactose oxidase / Beta-galactose oxidase","Galactose oxidase-like Early set domain-containing protein","","","","","",2769.7931179914,-0.620174383944678,0.000685557715595189,1473.45819979572,-1.94202477590623,6.90142934890697e-09,2921.60673443612,-0.00724782117987089,0.999993322508911,1328.25113643629,-1.82792474417312,2.08492616234103e-25
"PHYPA_016367","A9TX19","Pp3c12_16500","(1 of 71) 1.11.1.7 - Peroxidase / Lactoperoxidase","Peroxidase (EC 1.11.1.7)","GO:0004601; GO:0005576; GO:0006979; GO:0009505; GO:0020037; GO:0042744; GO:0046872; GO:0140825","hydrogen peroxide catabolic process [GO:0042744]; response to oxidative stress [GO:0006979]","extracellular region [GO:0005576]; plant-type cell wall [GO:0009505]","extracellular region [GO:0005576]; plant-type cell wall [GO:0009505]; heme binding [GO:0020037]; lactoperoxidase activity [GO:0140825]; metal ion binding [GO:0046872]; peroxidase activity [GO:0004601]; hydrogen peroxide catabolic process [GO:0042744]; response to oxidative stress [GO:0006979]","heme binding [GO:0020037]; lactoperoxidase activity [GO:0140825]; metal ion binding [GO:0046872]; peroxidase activity [GO:0004601]",89.7699671830469,-0.00888523581938362,0.981518298575961,33.8497861957147,-3.05393350753406,0.000256970424021911,76.9531997751868,-0.00188234310032278,0.999993322508911,46.3620760833976,-3.82956755393694,1.9312649928884e-13
"PHYPA_016522","A9S3Q3","Pp3c12_20420","(1 of 12) PTHR14187//PTHR14187:SF5 - ALPHA KINASE/ELONGATION FACTOR 2 KINASE","Uncharacterized protein","GO:0005524; GO:0140662","","","ATP binding [GO:0005524]; ATP-dependent protein folding chaperone [GO:0140662]","ATP binding [GO:0005524]; ATP-dependent protein folding chaperone [GO:0140662]",66.6793392543739,0.0832170857648112,0.808898317419066,42.8325638210508,-1.23585744599622,0.0133803493900446,64.5432217703506,0.000289613134849686,0.999993322508911,44.8570017728443,-1.52223439606852,0.000214114078750017
"PHYPA_017027","A9T8B7","Pp3c13_5750","(1 of 3) PTHR34109:SF1 - DESSICATION-INDUCED 1VOC-LIKE PROTEIN","VOC domain-containing protein","","","","","",1628.58078379746,0.172607065633182,0.5467901551773,465.626086864341,0.753191678350309,0.0394125093320287,907.751746682133,-2.11234919650327,1.72959266130708e-06,1173.64473527545,-1.40566368370413,5.83801265052696e-08
"PHYPA_017089","A0A2K1JL29","Pp3c13_7450","(1 of 8) PF00069//PF13855 - Protein kinase domain (Pkinase)  // Leucine rich repeat (LRR_8)","Protein kinase domain-containing protein","GO:0004672; GO:0005524; GO:0005886; GO:0006468","protein phosphorylation [GO:0006468]","plasma membrane [GO:0005886]","plasma membrane [GO:0005886]; ATP binding [GO:0005524]; protein kinase activity [GO:0004672]; protein phosphorylation [GO:0006468]","ATP binding [GO:0005524]; protein kinase activity [GO:0004672]",75.1961512959095,0.299284325631554,0.297596544274718,25.3856224130681,-0.0248363737272878,0.950343767496774,45.0097853456081,-1.01013148053488,0.044312333837782,54.9174491308625,-1.64485000561002,6.06883921618075e-06
"PHYPA_017096","A0A2K1JL64","Pp3c13_7700","(1 of 70) PF00651 - BTB/POZ domain (BTB)","BTB domain-containing protein","GO:0016567","protein ubiquitination [GO:0016567]","","protein ubiquitination [GO:0016567]","",90.2417772204131,-0.079952651381809,0.813547557382081,55.9363812347355,-1.18991893673849,0.0277785968321985,91.9119717955254,-0.000645897376076845,0.999993322508911,54.4038030756311,-1.50330338452468,4.42432665756472e-05
"PHYPA_017299","A0A2K1JLR7","Pp3c13_12890","(1 of 17) PF04674 - Phosphate-induced protein 1 conserved region (Phi_1)","Uncharacterized protein","GO:0005615","","extracellular space [GO:0005615]","extracellular space [GO:0005615]","",421.679895880957,-0.272707983321224,0.207793979713886,149.738271620435,-1.89267616230759,2.40297380435128e-08,358.99191066814,-0.0196824047801572,0.0726022911277401,211.954770717863,-2.56914961834731,2.21449462658792e-33
"PHYPA_017938","A0A2K1JGX0","Pp3c14_3220","","Uncharacterized protein","GO:0016020","","membrane [GO:0016020]","membrane [GO:0016020]","",93.4053045448911,0.685589615673443,0.0111953854463698,30.4675745403942,-0.291127588719236,0.29463007271886,55.2639723322961,-0.00333215372201967,0.999993322508911,67.7816081878337,-2.48498083884046,3.89436920343797e-12
"PHYPA_018557","A0A2K1JHX4","Pp3c14_15360","(1 of 7) PTHR27001:SF83 - LRR RECEPTOR-LIKE SERINE/THREONINE-PROTEIN KINASE MRH1-RELATED","Protein kinase domain-containing protein","GO:0004672; GO:0005524; GO:0006468","protein phosphorylation [GO:0006468]","","ATP binding [GO:0005524]; protein kinase activity [GO:0004672]; protein phosphorylation [GO:0006468]","ATP binding [GO:0005524]; protein kinase activity [GO:0004672]",136.721859039105,1.06350795142718,4.59102117131087e-06,57.8572807844671,-0.301804668308677,0.316810166104967,77.1126729821678,-0.00732295223068948,0.999993322508911,116.091141734213,-1.86035798714866,8.72599266846539e-14
"PHYPA_019785","A0A2K1JDA1","Pp3c15_15270","(1 of 27) PF05678 - VQ motif (VQ)","VQ domain-containing protein","GO:0005634","","nucleus [GO:0005634]","nucleus [GO:0005634]","",99.3888526865458,0.369032910979313,0.240494056615045,42.7794409121653,0.0125265327969293,0.975102721651146,57.9949549245397,-0.00268288050440021,0.999993322508911,83.2170838119544,-1.36335341829608,0.000126301587760662
"PHYPA_020722","A9TYQ6","Pp3c16_9400","(1 of 1) PTHR10264:SF92 - HYPERSENSITIVE-INDUCED RESPONSE PROTEIN 1","Band 7 domain-containing protein","","","","","",501.30298028649,-0.154848117548177,0.492836185462387,226.80454665099,-0.908893780234158,0.0173330303801972,428.185555524769,-0.0098299897846068,0.741805351279551,298.776204026259,-1.65684320406167,1.15869827748146e-14
"PHYPA_021747","A0A2K1J2Z2","Pp3c17_6920","(1 of 10) PTHR31052:SF3 - COBRA-LIKE PROTEIN 7-RELATED","COBRA-like protein","GO:0010215; GO:0016020; GO:0030246","cellulose microfibril organization [GO:0010215]","membrane [GO:0016020]","membrane [GO:0016020]; carbohydrate binding [GO:0030246]; cellulose microfibril organization [GO:0010215]","carbohydrate binding [GO:0030246]",520.512505033689,-1.75700737388989,2.15075164079517e-20,334.763606385842,-2.48562005696638,2.7071256938234e-16,698.338877815798,-0.0124063430838406,0.916408106551627,162.166157370255,-1.13715581251415,1.21852096886582e-05
"PHYPA_022185","A9T6J0","Pp3c17_16620","(1 of 36) 1.1.3.9 - Galactose oxidase / Beta-galactose oxidase","Galactose oxidase-like Early set domain-containing protein","","","","","",4811.03738431029,-0.882333257902466,7.94649675930487e-07,3536.42456939592,-1.83034863719873,2.76925941295088e-10,6020.0114372931,-0.00559925279492614,0.999993322508911,2357.69546354452,-1.03770856103357,1.73765529694105e-05
"PHYPA_022251","A9SC75","Pp3c17_17940","(1 of 9) PTHR10992:SF785 - METHYLESTERASE 12, CHLOROPLASTIC-RELATED","AB hydrolase-1 domain-containing protein","GO:0016020","","membrane [GO:0016020]","membrane [GO:0016020]","",705.710946972925,0.514501834438796,0.0135157536014218,305.618116524114,-0.0224302611073877,0.953805150554218,441.672664369904,-0.616399927980996,0.109959020075904,563.73861776902,-1.40082320258641,5.32988638383695e-10
"PHYPA_022264","A0A2K1J4G3","Pp3c17_18190","(1 of 15) KOG0483 - Transcription factor HEX, contains HOX and HALZ domains","Homeobox domain-containing protein","GO:0000981; GO:0005634; GO:0043565; GO:0045893","positive regulation of DNA-templated transcription [GO:0045893]","nucleus [GO:0005634]","nucleus [GO:0005634]; DNA-binding transcription factor activity, RNA polymerase II-specific [GO:0000981]; sequence-specific DNA binding [GO:0043565]; positive regulation of DNA-templated transcription [GO:0045893]","DNA-binding transcription factor activity, RNA polymerase II-specific [GO:0000981]; sequence-specific DNA binding [GO:0043565]",248.127591887835,-0.576074269676899,0.0659949652849601,96.7989587512237,-0.345887088577099,0.285588116670323,220.833048219559,-0.00861751039334509,0.284229752703961,123.980600490114,-1.2047406522366,0.000272602403832718
"PHYPA_022426","A0A2K1J4X4","Pp3c17_21350","(1 of 4) 1.14.11.15 - Gibberellin 3-beta-dioxygenase / Gibberellin 3-beta-hydroxylase","Fe2OG dioxygenase domain-containing protein","GO:0016491; GO:0046872","","","metal ion binding [GO:0046872]; oxidoreductase activity [GO:0016491]","metal ion binding [GO:0046872]; oxidoreductase activity [GO:0016491]",75.5712837308907,-0.118100796724064,0.716544111914202,25.0629569735373,-0.0918580925253957,0.740616320921883,56.0714962717111,-0.00514005201327139,0.658893661839932,44.2472114204586,-1.50150530190086,0.000450144717788849
"PHYPA_022469","A9SDK5","Pp3c17_22100","(1 of 17) PF10604 - Polyketide cyclase / dehydrase and lipid transport (Polyketide_cyc2)","Bet v I/Major latex protein domain-containing protein","","","","","",131.810550357306,-0.519729583387224,0.0711895508858619,78.1423696616669,-1.31550161848517,0.000680148441115713,140.737670227172,-0.00669104797984741,0.999993322508911,69.5864102489348,-1.11696527327168,0.00112803969988871
"PHYPA_022470","A0A2K1J510","Pp3c17_22110","(1 of 1) 1.14.14.1//1.6.2.4 - Unspecific monooxygenase / Xenobiotic monooxygenase // NADPH--hemoprotein reductase / TPNH-cytochrome c reductase","Uncharacterized protein","GO:0005829; GO:0010181; GO:0016491; GO:0050660","","cytosol [GO:0005829]","cytosol [GO:0005829]; flavin adenine dinucleotide binding [GO:0050660]; FMN binding [GO:0010181]; oxidoreductase activity [GO:0016491]","flavin adenine dinucleotide binding [GO:0050660]; FMN binding [GO:0010181]; oxidoreductase activity [GO:0016491]",65.2405387302093,-1.36047848025282,0.00189096299848733,20.0700304789226,-0.549501636131163,0.0805321704631481,65.697047662618,-0.00618820651544741,0.413699960414772,19.834922936012,-1.51925435833952,0.0202303187073941
"PHYPA_022471","A0A2K1J537","Pp3c17_22120","","Uncharacterized protein","","","","","",114.220552967518,-1.16051248163667,0.00196356992023923,25.1040521158909,-0.355582933055148,0.0963591054176697,103.470779118851,-0.00278518140607724,0.873181195746919,35.987647461768,-2.56510280613065,3.16690040697108e-05
"PHYPA_022615","Q4A3V3","Pp3c18_1550","(1 of 13) 3.2.1.51 - Alpha-L-fucosidase / Alpha-L-fucoside fucohydrolase","GDSL-like lipase","GO:0016788","","","hydrolase activity, acting on ester bonds [GO:0016788]","hydrolase activity, acting on ester bonds [GO:0016788]",756.834504609113,-0.404649827644774,0.180679682686141,166.531406171186,-0.434531548766496,0.187863923167134,566.310728723286,-1.98113279384868,2.2080401258286e-05,355.202597021901,-2.13315058176993,1.17166932872156e-12
"PHYPA_022962","A9RNK0","Pp3c18_10540","(1 of 8) PTHR32044:SF7 - XYLOGLUCAN GLYCOSYLTRANSFERASE 12-RELATED","Glycosyltransferase 2-like domain-containing protein","GO:0005794; GO:0016020; GO:0016757","","Golgi apparatus [GO:0005794]; membrane [GO:0016020]","Golgi apparatus [GO:0005794]; membrane [GO:0016020]; glycosyltransferase activity [GO:0016757]","glycosyltransferase activity [GO:0016757]",75.8149003149885,-0.00974542776005974,0.98013144373763,26.0465204057962,0.0398663168805375,0.918691899166566,51.1335767427616,-1.33864294971703,0.0147960601050439,50.2868461143408,-1.23323279304219,0.00354526264535468
"PHYPA_023006","A0A2K1J0R4","Pp3c18_11570","","DNA-directed RNA polymerase","","","","","",62.7049385947568,0.188565806581793,0.542868466098706,46.9344139812525,-0.796182542807864,0.0696939290543169,61.8993216091139,0.00167352571623759,0.999993322508911,47.6124435655388,-1.17999250557169,0.00259260071294934
"PHYPA_023123","A0A2K1J122","Pp3c18_14350","","Uncharacterized protein","","","","","",50.8918098655063,0.0319128677428159,0.932920551527773,18.6516962358377,-0.10095948593042,0.735085180969814,35.745495805414,-0.00467423290037535,0.928438197246298,33.5050370996372,-1.50133781655967,0.000413560165641711
"PHYPA_023262","A0A2K1J1G4","Pp3c18_17700","","Uncharacterized protein","GO:0016020","","membrane [GO:0016020]","membrane [GO:0016020]","",2291.91910229706,-0.845720995386204,4.16405585322317e-06,1131.2950005824,-3.73965315486342,7.97961436997726e-103,2575.27855447888,-0.0323979885715937,0.239582278963414,859.123763754107,-3.31299459999167,1.343156476364e-79
"PHYPA_023263","A0A2K1J1F7","Pp3c18_17710","","Uncharacterized protein","","","","","",2338.26231562856,-0.880418599620331,1.82312860526474e-06,1138.41463712988,-3.54393758974871,3.82026944316624e-83,2614.58345935033,-0.37221422162633,0.143523663343341,873.36692094201,-3.12886595042557,9.48936825969382e-67
"PHYPA_023264","A0A2K1J1G1","Pp3c18_17790","","Uncharacterized protein","GO:0016020","","membrane [GO:0016020]","membrane [GO:0016020]","",3177.57765358841,-0.334882133553228,0.122636673983537,1974.72057985775,-1.26116087823887,4.73172875916975e-13,3253.78873403776,-0.0139041526240806,0.999993322508911,1903.12274079707,-1.19209037839597,1.96753464968289e-12
"PHYPA_023265","A0A2K1J1G6","Pp3c18_17791","","Uncharacterized protein","","","","","",3293.24611702377,-0.353423686235602,0.0965877087093453,2036.39685608672,-1.32128248086596,1.40154566612418e-18,3389.68339047237,-0.0138016370222057,0.999993322508911,1945.33312557393,-1.23075321118942,5.19218446495905e-15
"PHYPA_023343","A0A2K1J1N9","Pp3c18_19690","(1 of 29) PTHR31867:SF30 - EXPANSIN-A5","Expansin","GO:0005576; GO:0009653; GO:0009664; GO:0016020","anatomical structure morphogenesis [GO:0009653]; plant-type cell wall organization [GO:0009664]","extracellular region [GO:0005576]; membrane [GO:0016020]","extracellular region [GO:0005576]; membrane [GO:0016020]; anatomical structure morphogenesis [GO:0009653]; plant-type cell wall organization [GO:0009664]","",543.7000640906,-0.615508759860554,0.0226565410514747,296.596669083044,-1.09602057694666,0.00779604358930795,559.140629132509,-0.00666066167850898,0.999993322508911,281.900806040007,-1.14617575708966,2.05911144621528e-05
"PHYPA_024187","A0A2K1IYL8","Pp3c19_15950","(1 of 6) KOG2209 - Oxysterol-binding protein","Oxysterol-binding protein","GO:0005829; GO:0015248; GO:0016020; GO:0032934; GO:0043231","","cytosol [GO:0005829]; intracellular membrane-bounded organelle [GO:0043231]; membrane [GO:0016020]","cytosol [GO:0005829]; intracellular membrane-bounded organelle [GO:0043231]; membrane [GO:0016020]; sterol binding [GO:0032934]; sterol transporter activity [GO:0015248]","sterol binding [GO:0032934]; sterol transporter activity [GO:0015248]",83.3756209031513,-0.529186779663829,0.0367864944025124,24.1625927393872,-1.81024030650538,0.00379457053536844,71.4225590592577,-0.0112382092619231,0.130278079921023,36.0516702961554,-2.76493605137736,5.29702322306727e-10
"PHYPA_024235","A0A2K1IYR2","Pp3c19_17080","(1 of 1) 3.4.24.35 - Gelatinase B / Type V collagenase","Uncharacterized protein","","","","","",2489.7979261705,-0.386387090194383,0.115993514342974,1290.05928022977,-1.44531276485107,1.29387414203487e-05,2447.43730676413,-0.0165673378157636,0.519063169424038,1335.3541235074,-1.53798453944944,6.20034075506067e-07
"PHYPA_024247","A9T670","Pp3c19_17290","(1 of 36) 1.1.3.9 - Galactose oxidase / Beta-galactose oxidase","Galactose oxidase-like Early set domain-containing protein","","","","","",538.992537708932,-0.217368848333634,0.371773337349387,182.59442093379,-1.51580453852179,0.000508362727086355,440.332694014149,-0.0145962507333266,0.130278079921023,279.814802174486,-2.42607654973875,2.74644461914853e-17
"PHYPA_024642","A9T1Y4","Pp3c20_3020","(1 of 1) PTHR11034:SF23 - N-MYC DOWNREGULATED-LIKE 3 PROTEIN","Uncharacterized protein","","","","","",456.148696008315,0.265871818419809,0.235323151718071,193.440246923426,-0.0637541415280321,0.857835078508816,305.564149619721,-0.833561810781809,0.0186329904887939,340.952869878296,-1.36384940149251,1.72341846444614e-12
"PHYPA_025462","A0A2K1IW77","Pp3c20_22670","(1 of 4) PTHR10071//PTHR10071:SF161 - TRANSCRIPTION FACTOR GATA  GATA BINDING FACTOR","GATA-type domain-containing protein","GO:0006355; GO:0008270; GO:0043565","regulation of DNA-templated transcription [GO:0006355]","","sequence-specific DNA binding [GO:0043565]; zinc ion binding [GO:0008270]; regulation of DNA-templated transcription [GO:0006355]","sequence-specific DNA binding [GO:0043565]; zinc ion binding [GO:0008270]",231.470244306194,-0.0775379120731776,0.788481054876927,152.467222112396,-0.935122972312788,6.06822053835183e-05,224.775988607398,-0.00805112786462183,0.999993322508911,159.162093659437,-1.03838553409431,6.94103554376429e-06
"PHYPA_025713","A0A2K1IQN9","Pp3c21_4389","","Uncharacterized protein","","","","","",331.607839393966,0.423055878254358,0.101534971210021,160.536720841567,-0.0542945009415597,0.887005278376489,220.384428559619,-0.0131311642283847,0.590017293851473,269.189666928401,-1.18767746236796,0.000170179503501806
"PHYPA_025714","A0A2K1IQN7","Pp3c21_4390","","Uncharacterized protein","","","","","",430.532604359166,0.430698258874884,0.0506747357467784,214.16711064535,-0.0992473327956634,0.778091792851261,294.616369533792,-0.0105971524980153,0.829438412687836,347.003285245265,-1.23424579341997,5.18368968262182e-08
"PHYPA_025743","A0A2K1IQR9","Pp3c21_5150","","Uncharacterized protein","GO:0016020","","membrane [GO:0016020]","membrane [GO:0016020]","",4205.3079713715,-0.133934199946633,0.569111766956331,2379.7256165565,-0.60177098220379,0.000593659975803111,3719.33933217645,-0.0293373152543355,0.151673127571418,2858.16690404026,-1.03698534245791,3.11847744738263e-13
"PHYPA_026218","A9T5A8","Pp3c21_15340","(1 of 3) 1.14.18.1 - Tyrosinase / Tyrosine-dopa oxidase","Tyrosinase copper-binding domain-containing protein","GO:0004097; GO:0046872","","","catechol oxidase activity [GO:0004097]; metal ion binding [GO:0046872]","catechol oxidase activity [GO:0004097]; metal ion binding [GO:0046872]",288.891095351016,-0.582321504842215,0.00191216572885103,222.25996592922,-2.26882425593724,3.96298833656641e-08,367.504356670088,0.00176765430805156,0.999993322508911,145.462743644853,-1.53339667392296,2.01177441049496e-06
"PHYPA_026555","A0A2K1ILT4","Pp3c22_1220","(1 of 736) 2.7.11.1 - Non-specific serine/threonine protein kinase / Threonine-specific protein kinase","Protein kinase domain-containing protein","GO:0004674; GO:0005524; GO:0006468","protein phosphorylation [GO:0006468]","","ATP binding [GO:0005524]; protein serine/threonine kinase activity [GO:0004674]; protein phosphorylation [GO:0006468]","ATP binding [GO:0005524]; protein serine/threonine kinase activity [GO:0004674]",213.281459146761,0.400563974422817,0.0990016778154067,101.191910078068,-0.00733751149500162,0.985403900822349,140.602509990948,-0.0147460208985523,0.370238375170537,172.183264539998,-1.13138530058961,0.000773974478509587
"PHYPA_026645","A0A2K1IM24","Pp3c22_3160","(1 of 15) PF02458 - Transferase family (Transferase)","BAHD family acyltransferase, clade V","GO:0016747","","","acyltransferase activity, transferring groups other than amino-acyl groups [GO:0016747]","acyltransferase activity, transferring groups other than amino-acyl groups [GO:0016747]",874.531510448023,-0.480335002460846,0.00228044340435953,422.3168340216,-0.498173083864378,0.0753144324450986,780.6432065919,-0.846070460797096,0.00942385707750862,515.462038954933,-1.04093943085262,6.97923893151155e-09
"PHYPA_026991","A0A2K1IN23","Pp3c22_10770","(1 of 11) PTHR31945:SF5 - F-BOX ASSOCIATED UBIQUITINATION EFFECTOR FAMILY PROTEIN","ACT domain-containing protein","GO:0003700; GO:0005634; GO:0006355; GO:0043565; GO:0046983","regulation of DNA-templated transcription [GO:0006355]","nucleus [GO:0005634]","nucleus [GO:0005634]; DNA-binding transcription factor activity [GO:0003700]; protein dimerization activity [GO:0046983]; sequence-specific DNA binding [GO:0043565]; regulation of DNA-templated transcription [GO:0006355]","DNA-binding transcription factor activity [GO:0003700]; protein dimerization activity [GO:0046983]; sequence-specific DNA binding [GO:0043565]",112.600982298916,-1.18165261743397,0.000420009092665288,45.0958698411812,-1.69614027462387,2.02421981639911e-05,116.960185148296,-0.0203971059543507,0.0229839747412206,41.172017055579,-1.5010630860705,0.000370897058178759
"PHYPA_027834","A9RI39","Pp3c23_9570","(1 of 3) PTHR21091:SF6 - HOMOCYSTEINE S-METHYLTRANSFERASE 2","Hcy-binding domain-containing protein","GO:0008270; GO:0008898; GO:0009086; GO:0032259; GO:0033528","methionine biosynthetic process [GO:0009086]; methylation [GO:0032259]; S-methylmethionine cycle [GO:0033528]","","S-adenosylmethionine-homocysteine S-methyltransferase activity [GO:0008898]; zinc ion binding [GO:0008270]; methionine biosynthetic process [GO:0009086]; methylation [GO:0032259]; S-methylmethionine cycle [GO:0033528]","S-adenosylmethionine-homocysteine S-methyltransferase activity [GO:0008898]; zinc ion binding [GO:0008270]",216.990209217131,-0.523540779911499,0.0105314542936809,168.465206529717,-1.80261117834772,1.62344763873152e-13,266.06899881886,0.00116815015815677,0.999993322508911,120.604570522877,-1.13900813522101,2.53595889544887e-06
"PHYPA_027917","A0A2K1IIX5","Pp3c23_11240","(1 of 6) 3.2.1.28 - Alpha,alpha-trehalase / Trehalase","Trehalase (EC 3.2.1.28) (Alpha-trehalose glucohydrolase)","GO:0004555; GO:0005993","trehalose catabolic process [GO:0005993]","","alpha,alpha-trehalase activity [GO:0004555]; trehalose catabolic process [GO:0005993]","alpha,alpha-trehalase activity [GO:0004555]",59.5474826092688,0.681595546009671,0.0331544912255367,26.9276286538642,-0.402805225285023,0.200364535665434,40.1562344309745,-0.000894227412555117,0.999993322508911,45.8296928968597,-2.04717073765061,9.55819106018051e-07
"PHYPA_028106","A0A2K1IJG0",NA,NA,"Xyloglucan endotransglucosylase/hydrolase (EC 2.4.1.207)","GO:0004553; GO:0010411; GO:0016762; GO:0042546; GO:0048046; GO:0071555","cell wall biogenesis [GO:0042546]; cell wall organization [GO:0071555]; xyloglucan metabolic process [GO:0010411]","apoplast [GO:0048046]","apoplast [GO:0048046]; hydrolase activity, hydrolyzing O-glycosyl compounds [GO:0004553]; xyloglucan:xyloglucosyl transferase activity [GO:0016762]; cell wall biogenesis [GO:0042546]; cell wall organization [GO:0071555]; xyloglucan metabolic process [GO:0010411]","hydrolase activity, hydrolyzing O-glycosyl compounds [GO:0004553]; xyloglucan:xyloglucosyl transferase activity [GO:0016762]",131.015871141808,0.11158388428708,0.710642238089101,85.4804761992247,-0.844194332021378,0.0262437102000628,121.745346631018,-0.00143472560122009,0.999993322508911,94.4983880305855,-1.1417908636808,0.00159052237760099
"PHYPA_029346","A0A2K1IHJ9","Pp3c24_20510","(1 of 6) PTHR19432 - SUGAR TRANSPORTER","Uncharacterized protein","GO:0005773; GO:0005886; GO:0008506","","plasma membrane [GO:0005886]; vacuole [GO:0005773]","plasma membrane [GO:0005886]; vacuole [GO:0005773]; sucrose:proton symporter activity [GO:0008506]","sucrose:proton symporter activity [GO:0008506]",1440.47917333963,-0.731887621368531,6.62078672931333e-05,688.466391048845,-2.11461595185484,3.40398265719015e-06,1499.39959268462,-0.0066928857847997,0.999993322508911,633.083896405222,-2.09222357321827,5.93802086778011e-18
"PHYPA_029850","A9S8V0","Pp3c25_11340","(1 of 59) PTHR22814:SF105 - HEAVY METAL TRANSPORT/DETOXIFICATION DOMAIN-CONTAINING PROTEIN","HMA domain-containing protein","GO:0046872; GO:0050896","response to stimulus [GO:0050896]","","metal ion binding [GO:0046872]; response to stimulus [GO:0050896]","metal ion binding [GO:0046872]",1506.03323791833,-0.464447930047979,0.095260381450199,566.909578157898,-0.0504054601552336,0.854139205487784,1237.9554187912,-0.00292227122989091,0.999993322508911,831.514075977684,-1.16876475679563,3.19723759607154e-15
"PHYPA_029953","A0A2K1IEU8","Pp3c25_14480","(1 of 59) PTHR22814:SF105 - HEAVY METAL TRANSPORT/DETOXIFICATION DOMAIN-CONTAINING PROTEIN","HMA domain-containing protein","GO:0046872; GO:0050896","response to stimulus [GO:0050896]","","metal ion binding [GO:0046872]; response to stimulus [GO:0050896]","metal ion binding [GO:0046872]",241.708347734334,-0.404017740797283,0.195617258011782,86.3502507405807,-0.0670975734777889,0.856484327911176,195.94468562999,-1.35446742224743,0.0376419262147692,131.619929555924,-1.02740033709183,0.000861881761372937
"PHYPA_031192","A0A2K1I9T5","Pp3s375_10","(1 of 7) PTHR11817:SF5 - PYRUVATE KINASE-RELATED","Pyruvate kinase (EC 2.7.1.40)","GO:0000287; GO:0004743; GO:0005524; GO:0016301; GO:0016310; GO:0030955","phosphorylation [GO:0016310]","","ATP binding [GO:0005524]; kinase activity [GO:0016301]; magnesium ion binding [GO:0000287]; potassium ion binding [GO:0030955]; pyruvate kinase activity [GO:0004743]; phosphorylation [GO:0016310]","ATP binding [GO:0005524]; kinase activity [GO:0016301]; magnesium ion binding [GO:0000287]; potassium ion binding [GO:0030955]; pyruvate kinase activity [GO:0004743]",341.390464955928,-1.11595042589017,5.40451817868621e-08,39.7716561261015,-0.993498857111734,0.00694897863594234,266.830491379359,-3.04792776535689,6.7167061239978e-34,114.271182275856,-3.04156557673491,2.31808975506891e-27
